{
    "type": "minecraft:ore",
    "config": {
      "discard_chance_on_air_exposure": 0.0,
      "size": 4,
      "targets": [
        {
          "state": {
            "Name": "malum:brilliant_stone"
          },
          "target": {
            "predicate_type": "minecraft:block_match",
            "block": "minecraft:red_concrete"
          }
        },
        {
          "state": {
            "Name": "malum:brilliant_deepslate"
          },
          "target": {
            "predicate_type": "minecraft:block_match",
            "block": "minecraft:red_concrete"
          }
        }
      ]
    }
  }