{
    "type": "minecraft:ore",
    "config": {
      "discard_chance_on_air_exposure": 0.0,
      "size": 8,
      "targets": [
        {
          "state": {
            "Name": "malum:soulstone_ore"
          },
          "target": {
            "predicate_type": "minecraft:block_match",
            "block": "minecraft:red_concrete"
          }
        },
        {
          "state": {
            "Name": "malum:deepslate_soulstone_ore"
          },
          "target": {
            "predicate_type": "minecraft:block_match",
            "block": "minecraft:red_concrete"
          }
        }
      ]
    }
  }