{
    "type": "lychee:block_interacting",
    "item_in": {
        "tag": "forge:tools/chisels"
    },
    "block_in": "cobblestone",
    "post": [
        {
            "type": "drop_item",
            "item": "kubejs:rock"
        },
        {
            "type": "drop_item",
            "item": "kubejs:rock",
            "contextual": {
                "type": "chance",
                "chance": 0.75
            }
        },
        {
            "type": "place",
            "block": "gravel"
        },
        {
            "type": "damage_item"
        },
        {
            "type": "execute",
            "hide": "true",
            "command": "playsound minecraft:entity.villager.work_mason block @a ~ ~ ~"
        }
    ]
}