{
    "feature": "sushigocrafting:avocado_tree",
    "placement": [
      {
        "type": "minecraft:count",
        "count": {
          "type": "minecraft:weighted_list",
          "distribution": [
            {
              "data": 0,
              "weight": 20
            },
            {
              "data": 1,
              "weight": 0
            }
          ]
        }
      },
      {
        "type": "minecraft:in_square"
      },
      {
        "type": "minecraft:surface_water_depth_filter",
        "max_water_depth": 0
      },
      {
        "type": "minecraft:heightmap",
        "heightmap": "OCEAN_FLOOR"
      },
      {
        "type": "minecraft:biome"
      }
    ]
  }