{
    "type": "lychee:block_interacting",
    "item_in": {
        "item": "kubejs:chisel"
    },
    "block_in": "thermal:ruby_ore",
    "post": [
        {
            "type": "drop_item",
            "item": "thermal:ruby"
        },
        {
            "type": "drop_item",
            "item": "kubejs:rock",
            "contextual": {
                "type": "chance",
                "chance": 0.75
            }
        },
        {
            "type": "place",
            "block": "cobblestone"
        },
        {
            "type": "damage_item"
        },
        {
            "type": "execute",
            "command": "playsound minecraft:entity.villager.work_mason block @a ~ ~ ~"
        }
    ]
}